folioviv,ingreso_trimestral,educacion_jefe
0900006901,41791.26,8
0900006902,57551.03,4
0900006903,38396.729999999996,8
0900006904,68355.94,9
0900006905,42236.38,6
0900006906,112463.31,10
0900009201,78464.05,8
0900009202,172044.18,10
0900009204,35801.1,8
0900009205,60911.59,6
0900009206,89502.75,10
0900017401,30277.16,3
0900017402,72269.0,11
0900017403,46956.509999999995,6
0900017404,13695.65,6
0900017405,61581.49,6
0900017406,29543.46,7
0900126601,23360.64,8
0900126602,10622.95,1
0900126603,58770.47,6
0900126604,39393.43,7
0900126605,39147.520000000004,4
0900126606,62483.579999999994,4
0900165801,132073.74,4
0900165802,35409.83,6
0900165803,47581.950000000004,10
0900165804,84344.24,8
0900165805,163770.47999999998,10
0900165806,161336.02000000002,3
0900255001,22010.86,4
0900255002,135733.66,6
0900255003,47201.07,10
0900255004,40597.82,8
0900255005,24480.96,4
0900255006,43532.6,10
0900286301,68478.24,9
0900286302,106532.59,9
0900286303,28124.99,8
0900286304,145516.26,10
0900286305,53559.76,6
0900286306,56739.12,6
0900291501,88923.90000000001,10
0900291502,64565.21,11
0900291503,65934.76000000001,6
0900291504,61522.79,10
0900291505,67695.63,6
0900291506,11005.43,11
0900297701,9368.84,1
0900297702,159344.25,10
0900297703,171442.62,11
0900297704,30432.76,6
0900297705,30368.84,8
0900297706,32237.69,6
0900313901,55555.4,8
0900313902,44329.869999999995,8
0900313903,75629.3,9
0900313904,50766.8,7
0900313905,26657.6,10
0900313906,41576.07,10
0900401201,10243.08,7
0900401202,45596.659999999996,4
0900401203,48679.55,7
0900401204,12853.57,7
0900401205,28379.82,4
0900401206,25023.45,4
0900411901,134217.36,10
0900411902,129619.55,10
0900411903,239086.94,11
0900411905,49548.89,6
0900411906,25826.07,10
0900456201,7234.8,6
0900456202,124309.37,10
0900456203,19466.84,6
0900456205,86698.31,6
0900456205,86698.31,4
0900456206,7955.78,6
0900487401,58252.94,4
0900487402,63758.13,8
0900487403,85304.32,8
0900487403,85304.32,7
0900487404,51749.98,10
0900487405,58402.16,6
0900487406,37565.2,9
0900501601,323606.48,10
0900501602,15590.16,7
0900501603,56065.56,10
0900501604,5680.32,6
0900501605,25032.769999999997,6
0900501606,42860.619999999995,5
0900512801,27147.52,7
0900512802,136721.26,10
0900512803,61967.17,6
0900512804,48786.85,4
0900512805,24639.32,6
0900512806,50763.92,6
0900530401,19614.1,4
0900530402,100785.3,8
0900530403,45034.19,6
0900530404,59869.55,6
0900530405,93179.33,8
0900530406,26315.21,10
0900532601,5901.63,6
0900532602,9786.869999999999,7
0900532603,16652.43,4
0900532604,3737.7,3
0900532605,67819.64,4
0900532606,36540.94,6
0900554801,125901.62000000001,4
0900554802,48172.11,4
0900554803,104065.55,10
0900554804,13475.380000000001,1
0900554805,18098.35,8
0900640301,48277.16,6
0900640303,146739.12,8
0900640304,18342.379999999997,8
0900640305,107276.06,10
0900640306,61019.0,10
0900659001,28663.030000000002,6
0900659002,114211.93,9
0900659003,28051.62,6
0900659004,26437.48,7
0900659005,67940.2,10
0900659006,52826.08,10
0900660301,130597.81,10
0900660302,34361.4,5
0900660304,26413.04,8
0900660305,214653.88,10
0900660306,42211.939999999995,6
0900709001,128152.15,10
0900709002,22304.34,7
0900709003,79923.89,8
0900709004,39619.56,7
0900709005,47078.79,9
0900709006,6456.51,6
0900710502,26119.55,4
0900710503,78016.29000000001,4
0900710504,14453.79,4
0900710505,39766.29,9
0900710506,14380.42,5
0900805701,53114.75,8
0900805702,108688.5,9
0900805703,5680.32,10
0900805705,36540.95,9
0900805706,51639.33,8
0900848901,33040.75,8
0900848902,23263.02,6
0900848903,54293.46000000001,8
0900848904,34972.81,8
0900848905,43385.85,6
0900848906,80364.12000000001,11
0900852201,61657.43,6
0900852202,146685.06,11
0900852203,8577.33,10
0900852204,63422.63,9
0900852205,27621.54,6
0900852206,79110.48000000001,10
0900956401,33715.71,8
0900956402,157323.86,4
0900956403,95091.81,8
0900956404,48423.9,9
0900956405,122038.01000000001,8
0900956406,15749.99,8
0900970501,45733.67,6
0900970502,45342.37,8
0900970503,132065.2,6
0900970504,46956.509999999995,10
0900970505,16723.34,5
0900970505,16723.34,9
0900970506,62266.270000000004,7
0901042701,27540.97,8
0901042702,93442.6,9
0901042703,229696.68,10
0901042704,114049.17,8
0901042705,17950.81,3
0901042706,56877.02,4
0901198902,108831.52,10
0901198903,73100.53,10
0901198905,55320.630000000005,10
0901198906,181516.27,11
0901331601,31588.5,6
0901331602,68704.90000000001,10
0901331603,30019.66,8
0901331604,76721.31,11
0901331605,18540.97,3
0901331606,46863.89,7
0901394801,40573.77,9
0901394802,45233.58,7
0901394803,61475.39,10
0901394804,37868.840000000004,9
0901394805,32063.09,8
0901394806,121180.27,10
0901408302,43801.619999999995,9
0901408303,4265.21,5
0901408304,13499.98,3
0901408305,18978.25,8
0901408306,27909.760000000002,4
0901495501,46164.11,8
0901495503,29616.839999999997,4
0901495504,31157.59,5
0901495505,43532.6,10
0901510701,34377.04,10
0901510702,23803.27,4
0901510703,30172.12,1
0901510704,126654.04000000001,3
0901510705,31108.99,6
0901510706,80965.52,4
0901523901,44755.42,8
0901523902,104429.33,10
0901523903,37663.04,10
0901523904,86624.95999999999,4
0901523905,37663.03,5
0901523906,39008.13,8
0901596202,14917.12,6
0901596203,199143.62,10
0901596206,9348.05,6
0901611402,156081.47,6
0901611403,32551.61,6
0901611404,122282.6,10
0901611405,138668.45,10
0901611406,127173.91,8
0901651002,37946.729999999996,6
0901651003,36562.479999999996,10
0901651004,65396.73,11
0901651005,40769.01,6
0901651006,20983.69,4
0901657201,40276.24,10
0901657202,26328.71,4
0901657203,45099.420000000006,7
0901657204,46690.59,4
0901657205,19715.46,6
0901657206,37491.68,6
0901698401,27880.43,8
0901698402,17608.69,6
0901698403,28516.3,8
0901698404,51334.21,6
0901698405,158967.36000000002,7
0901698406,29739.09,6
0901770601,490868.82,11
0901770602,474698.35,10
0901770604,199180.31,8
0901770605,92754.08,11
0901770606,247426.21,6
0901791801,87049.14,8
0901791802,132344.23,10
0901791804,186885.22999999998,10
0901791805,123122.93,11
0901791806,50434.41,10
0901970601,92827.84,5
0901970602,38636.04,6
0901970603,61967.2,10
0901970605,29813.09,6
0901970606,56754.06,4
0901997801,20655.73,6
0901997802,19057.36,3
0901997803,33196.71,4
0901997804,45196.72,7
0901997805,12540.97,3
0901997806,31721.3,6
0902008001,20372.760000000002,9
0902008002,47533.67,3
0902008003,51627.71,6
0902008004,89236.90999999999,6
0902008005,38347.81,8
0902008006,13206.52,6
0902081301,117635.83,8
0902081302,75790.72,8
0902081303,21130.43,4
0902081304,97214.65,7
0902081305,166940.19,5
0902081306,36684.770000000004,10
0902133501,57769.21,10
0902133503,58010.85,8
0902133504,82027.14,10
0902133505,23478.26,10
0902133506,66409.19,5
0902171001,26413.04,9
0902171002,63268.979999999996,3
0902171003,74885.83,10
0902171004,38347.799999999996,10
0902171005,123040.73,10
0902171006,80990.19,6
0902396301,46222.81,10
0902396303,110543.45,10
0902396304,46956.52,8
0902396305,74836.94,10
0902396306,9743.46,4
0902457501,59551.61,11
0902457502,55883.14,11
0902457503,64614.10999999999,10
0902457504,50624.99,10
0902457505,56739.11,10
0902457506,62095.09,10
0902518302,19592.09,6
0902518303,14942.92,5
0902518304,51187.47,8
0902518305,79239.13,8
0902518306,39619.549999999996,9
0902587701,76721.31,8
0902587702,36201.62,7
0902587703,39836.05,8
0902587704,61032.770000000004,8
0902587706,79672.13,8
0902609901,58695.64,8
0902609902,45440.2,6
0902609903,20254.879999999997,6
0902609904,27880.43,8
0902609905,44608.68,9
0902609906,22255.420000000002,4
0902616201,1218232.02,11
0902616202,125080.09999999999,6
0902616203,255455.79,11
0902616204,1192872.89,11
0902616205,40972.36,5
0902616206,83560.75,10
0902628501,264130.43,10
0902628502,131595.61000000002,9
0902628503,76304.34,6
0902628504,31793.47,6
0902628505,31499.989999999998,6
0902628506,126880.40000000001,9
0902630701,304327.86,11
0902630702,450761.31,11
0902630703,93442.62,11
0902630704,74163.92,6
0902630706,103278.68,10
0902641701,54049.15,6
0902641702,31893.43,6
0902641703,84464.25,8
0902641704,36590.15,4
0902641705,206541.6,6
0902641706,87127.84,6
0902646401,57541.28,10
0902646402,50502.700000000004,6
0902646403,27767.910000000003,3
0902646404,40382.56,8
0902646405,52033.66,6
0902646406,18733.67,6
0902652203,283425.41,11
0902652206,238674.03,11
0902682901,78138.56,10
0902682903,37296.159999999996,7
0902682904,36562.46,6
0902682905,53657.6,6
0902682906,11690.2,4
0902702201,54944.729999999996,6
0902702202,72770.7,4
0902702203,35055.23,8
0902702204,100690.59,10
0902702205,61284.5,6
0902702206,47038.65,7
0902738401,34972.81,10
0902738402,77845.06,6
0902738403,24211.949999999997,4
0902738404,97219.54,3
0902738405,109452.64,6
0902738406,44569.549999999996,6
0902746601,68901.6,4
0902746602,30393.410000000003,8
0902746603,26510.64,4
0902746604,37573.76,4
0902746605,33295.07,6
0902746606,48049.17,8
0902756801,23606.55,7
0902756802,24954.09,4
0902756803,26921.31,8
0902756804,41999.98,6
0902756805,60393.420000000006,4
0902756806,21491.79,1
0902761003,58695.64,9
0902761004,47390.84,6
0902761005,45885.299999999996,4
0902761006,35902.159999999996,4
0902762602,70549.17,6
0902762603,59577.020000000004,4
0902762604,30122.93,3
0902762605,103278.68,8
0902762606,94918.03,9
0902767801,94618.01,5
0902767802,63860.62,8
0902767803,40573.75,4
0902767804,73770.48000000001,10
0902767805,55032.78,8
0902767806,24860.64,3
0902784401,687228.25,11
0902784402,1017635.83,11
0902784405,425812.46,10
0902784406,299127.71,10
0902808301,34982.6,6
0902808302,54254.340000000004,9
0902808303,73232.59,9
0902808304,20543.47,6
0902808305,29127.7,4
0902808306,47005.409999999996,4
0902809002,49979.31,8
0902809003,34581.51,6
0902809005,30203.79,6
0902809006,56934.759999999995,3
0902841501,7840.74,4
0902841502,34263.54,5
0902841503,17936.39,6
0902841504,14209.22,3
0902841506,29600.21,8
0902953701,67377.02,6
0902953702,102540.97,10
0902953703,23704.91,4
0902953704,30762.27,8
0902953705,51147.509999999995,8
0902953706,87786.85,10
0903073301,63293.46,6
0903073302,105652.16,10
0903073304,50092.82,6
0903073305,45589.88,10
0903073306,33016.29,10
0903277502,52056.16,8
0903277503,48277.16,6
0903277504,46956.509999999995,8
0903277505,70890.61,4
0903277506,52385.86,4
0903307701,52131.12,8
0903307702,82131.14,10
0903307703,42762.28,6
0903307704,48073.729999999996,6
0903307705,27491.79,6
0903307706,63402.28,6
0903379901,23184.769999999997,4
0903379902,32086.92,6
0903379903,34923.9,6
0903379904,709.23,5
0903379905,76138.04000000001,10
0903379906,29347.809999999998,6
0903446901,14673.91,6
0903446902,24945.649999999998,10
0903446903,98804.34,10
0903446904,35217.39,10
0903446905,69505.41,8
0903446906,10760.86,6
0903701201,49723.75,10
0903701202,72596.68,10
0903701203,14022.09,3
0903701204,55491.69,6
0903701205,65088.38,6
0903701206,31325.96,7
0903721601,75998.33,10
0903721602,88081.94,10
0903721603,110458.97,4
0903721604,193672.12,10
0903721605,316721.26,7
0903721606,64696.71,11
0903723801,91745.87000000001,4
0903723802,237083.57,6
0903723804,128729.49,10
0903723806,149016.31,11
0903747201,30788.940000000002,6
0903747202,40957.420000000006,10
0903747203,21977.879999999997,6
0903747204,17403.3,8
0903747205,6762.42,6
0903747206,53864.71,8
0903758401,35853.24,6
0903758402,61630.42,10
0903758403,69065.19,6
0903758404,46418.46,6
0903758405,105779.32,8
0903758406,22010.86,6
0903818401,28614.12,4
0903818402,19714.87,6
0903818403,102277.16,8
0903818404,14673.91,10
0903818405,51114.11,7
0903818406,23038.03,3
0904393601,26114.739999999998,6
0904393603,69344.24,4
0904393604,31180.31,10
0904393605,36752.45,10
0904393606,59016.380000000005,4
0904417801,43032.78,10
0904417802,13352.45,6
0904417804,94426.22,6
0904417805,41090.15,10
0904417806,20434.41,3
0904566601,114639.31,7
0904566602,7081.96,6
0904566603,22819.65,3
0904566604,45147.5,7
0904566605,28721.28,4
0904566606,53778.64,6
0904595801,39172.09,6
0904595803,16032.77,3
0904595804,23276.04,4
0904595805,25819.67,6
0904595806,20291.78,8
0904684001,41086.95,7
0904684002,17413.03,6
0904684003,19271.73,4
0904684004,29347.82,8
0904684005,45146.729999999996,10
0904684006,36394.229999999996,8
0904776301,20548.84,6
0904776302,59673.899999999994,11
0904776303,62324.94,3
0904776304,48472.810000000005,6
0904776305,40502.91,6
0904837501,52826.08,10
0904837502,159456.51,3
0904837503,21521.73,6
0904837504,61141.299999999996,1
0904837506,52679.32,3
0904979701,16918.02,6
0904979702,14901.619999999999,6
0904979704,29311.46,7
0904979705,64003.270000000004,10
0904979706,19991.79,3
0905071001,24945.65,6
0905071002,43711.12,4
0905071003,56788.03,10
0905071004,153244.53,9
0905071004,153244.53,10
0905071005,10540.75,3
0905071006,63097.81,6
0905073301,35217.39,6
0905073302,33109.2,3
0905073303,30751.61,6
0905073304,36880.42,7
0905073305,37046.71,7
0905073306,40553.76,8
0905245501,39448.34,10
0905245502,50370.62,4
0905245503,43508.12,4
0905245504,39913.009999999995,6
0905245505,21130.42,7
0905245506,52826.08,8
0905387702,42462.28,6
0905387703,8980.31,6
0905387704,34549.15,6
0905387705,23458.96,4
0905485901,113243.45,3
0905485902,159823.34,10
0905485903,17388.579999999998,8
0905485904,40353.25,4
0905485905,100428.23000000001,3
0905485906,18122.27,6
0905539201,39331.46,7
0905539202,68917.1,10
0905539203,43259.659999999996,10
0905539204,35801.1,10
0905539205,119337.01,6
0905539206,26676.780000000002,6
0905728001,94402.15,10
0905728002,31157.6,10
0905728003,116706.5,8
0905728004,164103.23,10
0905728006,369293.46,11
0905811401,51353.78,3
0905811403,52452.32,6
0905811404,53779.86,7
0905811405,108410.84,11
0905811406,64139.649999999994,9
0905880901,52385.85,10
0905880902,37858.659999999996,3
0905880903,67059.76,5
0905880904,11646.18,3
0905880905,29347.82,5
0905880906,164533.67,10
0905883601,74508.19,10
0905883603,65380.31,10
0905883604,49819.65,10
0905883605,86065.56,10
0905883606,5680.32,4
0905901802,97040.13,8
0905901803,265239.29,8
0905901804,7991.77,8
0905901805,37622.93,8
0905901806,73175.37,7
0905963003,32478.25,8
0905963004,11616.83,4
0905963005,19711.95,8
0905963006,6505.43,6
0905996301,60334.21000000001,11
0905996302,170951.06,11
0905996303,71559.77,8
0905996304,106248.90000000001,10
0905996305,32571.17,5
0905996306,332706.5,10
0906065501,158967.36000000002,10
0906065505,49353.24,7
0906065506,31304.329999999998,10
0906153701,110901.63,10
0906153704,87688.5,5
0906153705,78639.31999999999,9
0906153706,31967.199999999997,8
0906194901,89266.28,8
0906194902,45611.4,6
0906194903,92797.79999999999,10
0906194904,49935.31,8
0906194905,31010.86,6
0906194906,51643.34,4
0906272201,133259.64,10
0906272203,114588.37000000001,6
0906272204,33576.93,7
0906272205,15290.05,1
0906272206,107296.36,7
0906272206,107296.36,8
0906314201,30406.06,3
0906314202,33837.0,6
0906314203,89428.16,8
0906314204,46988.939999999995,11
0906314205,35850.81,4
0906314206,61408.83,4
0906394401,32297.27,6
0906394402,4108.69,4
0906394403,46988.28,3
0906394404,28247.260000000002,6
0906394405,42114.11,9
0906394406,33749.98,11
0906487401,58724.96,5
0906487402,73271.70999999999,6
0906487403,30815.21,6
0906487404,63092.9,11
0906487405,99122.22,6
0906487406,110372.25,8
0906500301,58695.649999999994,10
0906500302,97146.17,10
0906500303,38983.689999999995,10
0906500304,100711.42,8
0906500305,129130.41,10
0906500306,122331.5,10
0906575601,86704.89,11
0906575602,20065.55,6
0906575603,49721.29,8
0906575605,67150.79,8
0906575606,20655.73,10
0906623601,14532.77,1
0906623602,22426.22,4
0906623603,27245.88,8
0906623604,19475.39,6
0906623606,8134.42,6
0906675501,43801.619999999995,3
0906675502,42211.939999999995,10
0906675503,26853.239999999998,6
0906675505,47396.729999999996,8
0906675506,62608.659999999996,10
0907131801,43918.02,6
0907131802,39442.61,6
0907131803,29311.45,6
0907131804,23655.72,9
0907131805,11451.63,5
0907131806,76915.54000000001,8
0907264801,95409.81999999999,8
0907264802,12737.7,11
0907264803,12762.279999999999,4
0907264804,39614.72,4
0907264805,47213.11,8
0907264806,26877.03,4
0907422001,21790.739999999998,10
0907422002,49402.15,6
0907422003,47357.57,1
0907422004,23258.14,10
0907422006,51603.24,1
0907487001,34997.27,6
0907487002,62608.630000000005,1
0907487004,116951.06,10
0907487005,83621.72,9
0907487006,98559.76,10
0907507301,34997.27,11
0907507303,38103.25,7
0907507304,33260.86,8
0907507305,53095.1,7
0907507306,17168.47,8
0907511301,27415.75,10
0907511302,76402.15,4
0907511303,23576.059999999998,3
0907511304,19193.469999999998,6
0907511305,36220.060000000005,5
0907511306,47690.200000000004,8
0907718501,84326.05,4
0907718502,74778.21,9
0907718503,18269.01,4
0907718505,48101.07,10
0907718506,8510.86,3
0907719501,67499.99,6
0907719503,15730.43,4
0907719504,52385.85,10
0907719505,50571.18,6
0907926701,36565.55,8
0907926702,85347.5,10
0907926703,187131.09,4
0907926704,10622.93,3
0907926705,22549.16,6
0907926706,18590.14,6
0907950701,253721.28,10
0907950702,127868.84,10
0907950703,64696.71,4
0907950704,81098.35,10
0907950706,232553.1,11
0908212901,33016.29,10
0908212902,30472.789999999997,1
0908212902,30472.789999999997,7
0908212903,20885.85,3
0908212904,19076.07,4
0908212905,26951.07,6
0908212906,40353.24,8
0908250201,90372.87,5
0908250202,14917.12,1
0908250203,93033.1,4
0908250204,26627.06,4
0908250205,32519.32,6
0908250206,13798.32,1
0908363401,54846.149999999994,10
0908363402,44388.57,9
0908363403,103108.65999999999,6
0908363404,24485.86,3
0908363405,100320.62000000001,10
0908363406,28638.579999999998,6
0908469601,66781.94,8
0908469602,38852.450000000004,7
0908469603,49942.59,4
0908469604,21068.84,6
0908469605,48663.91,6
0908469606,42781.95,10
0908496701,397603.25,8
0908496702,14532.77,6
0908496703,37622.93,10
0908496704,44016.35,6
0908496705,127377.03,11
0908496706,29065.54,4
0908580801,31657.36,4
0908580803,57122.92,6
0908580804,15240.949999999999,3
0908580805,37278.66,4
0908580806,59877.03,7
0908594001,38152.17,6
0908594002,26853.239999999998,4
0908594003,46614.100000000006,8
0908594004,5649.45,4
0908594005,23258.14,4
0908608301,55110.29,8
0908608302,16874.99,6
0908608303,39619.55,6
0908608304,73369.55,8
0908608305,62863.01,8
0908608306,38269.55,6
0908702501,18048.899999999998,7
0908702502,36464.64,3
0908702503,81146.69,4
0908702503,81146.69,10
0908702504,86126.04999999999,6
0908702505,69749.98000000001,4
0908702506,102790.74,10
0908871701,41390.12,7
0908871702,10327.86,6
0908871703,54474.54,1
0908871704,82155.69,7
0908871705,39393.41,5
0908871706,21609.82,4
0908927902,13463.29,1
0908927903,26779.88,5
0908927904,9929.33,11
0908927905,30785.84,6
0908927906,12384.759999999998,5
0909296201,37069.05,6
0909296202,29461.31,8
0909296203,27835.34,6
0909296204,148176.77,11
0909296205,48778.98,10
0909296206,38063.520000000004,4
0909371402,33236.399999999994,4
0909371403,52532.59,3
0909371404,45948.87,8
0909371405,46834.22,3
0909371406,48394.56,8
0909482601,21865.55,4
0909482602,90966.35,9
0909482603,194601.58,6
0909482604,41852.45,6
0909482605,55799.98,6
0909525801,182213.1,10
0909525802,75909.82,11
0909525803,64303.25,10
0909525804,83213.08,11
0909525805,39836.04,6
0909525806,41311.46,7
0909615001,23478.26,6
0909615002,44486.39,8
0909615003,35951.07,10
0909615004,28540.739999999998,4
0909615005,70679.31,8
0909615006,42921.16,6
0909671901,100516.28,4
0909671902,26853.239999999998,6
0909671904,41576.07000000001,4
0909671905,102643.98000000001,4
0909671906,43513.02,9
0909914302,62381.24,8
0909914303,223373.57,10
0909914304,66609.75,10
0909914306,55956.5,5
0910035201,27672.24,3
0910035202,12816.29,6
0910035203,49077.33,9
0910035204,69638.07,4
0910035205,29734.79,4
0910035206,24901.12,4
0910140401,28056.49,4
0910140402,56249.98,7
0910140403,68204.34,8
0910140403,68204.34,6
0910140404,18586.95,9
0910140405,11788.04,6
0910140406,17608.69,5
0910241601,95606.53,10
0910241602,28131.14,6
0910241603,30393.43,6
0910241604,159614.72,8
0910241605,55475.4,3
0910241606,80655.73,6
0910246801,27959.0,6
0910246802,16770.480000000003,8
0910246803,28057.36,4
0910246805,27949.16,1
0910246806,132885.22999999998,4
0910524501,10932.05,4
0910524502,67499.95,6
0910524503,111870.94,6
0910524504,28271.73,7
0910524505,57717.380000000005,6
0910524506,281306.69,6
0910524506,281306.69,4
0910686002,59673.9,4
0910686003,25532.6,6
0910686004,35951.08,8
0910686005,50771.71,7
0910686006,27024.45,6
0910779301,43972.81,6
0910779302,38152.159999999996,10
0910779303,32282.6,6
0910779304,89902.14,3
0910779305,12238.02,8
0910779306,31744.55,6
0910915901,39091.3,8
0910915902,43043.469999999994,10
0910915903,29592.38,7
0910915904,59453.78999999999,8
0910915906,35600.85,6
0910954202,41171.26,8
0910954204,210679.51,11
0910954205,187657.42,10
0910954206,154715.45,7
0910968401,891195.63,10
0910968402,187826.05,6
0910968404,58793.47,9
0910968405,31375.27,10
0911010601,567049.17,11
0911010602,146336.0,11
0911010603,46377.02,6
0911038701,58499.979999999996,8
0911038702,39659.0,6
0911038703,47409.82,8
0911038704,73268.82,7
0911038705,153098.33,10
0911047901,58891.29,6
0911047902,45489.13,6
0911047904,72317.91,8
0911047905,66619.55,8
0911047906,16151.07,1
0911050501,38910.31,6
0911050502,13866.82,6
0911050503,47377.149999999994,8
0911050504,56787.99,6
0911050505,15798.9,6
0911050506,17608.69,6
0911056201,5966.85,3
0911056204,39778.97,7
0911056206,40127.06,6
0911094401,42094.53,6
0911094402,60554.32,10
0911094403,111717.37,10
0911094404,131845.06,10
0911094405,29983.69,5
0911094406,27171.149999999998,8
0911179601,25868.840000000004,4
0911179603,20040.97,6
0911179604,41901.62,6
0911179605,46721.29,8
0911179606,6806.53,8
0911182701,78491.77,6
0911182702,60201.61,9
0911182703,102221.27,6
0911182704,57639.32,3
0911182705,65950.8,5
0911182706,14901.630000000001,7
0911185802,201786.87,10
0911185803,134754.07,10
0911185804,18752.449999999997,10
0911185805,23459.0,5
0911185806,105491.78,6
0911219001,153469.51,9
0911219002,49274.97,3
0911219004,28543.69,10
0911219005,42921.18,6
0911219006,37504.06,3
0911228901,29054.32,3
0911228902,23576.08,6
0911228903,53872.78,3
0911228905,157059.72,6
0911228906,89315.19,6
0911274201,37292.8,4
0911274203,14917.12,10
0911274204,72674.23999999999,6
0911274205,37446.909999999996,6
0911302401,36447.55,4
0911302402,83318.45,6
0911302404,34263.57,7
0911302405,81489.1,10
0911302406,9978.25,8
0911326301,128029.87,10
0911326302,24065.199999999997,4
0911326303,33994.54,7
0911326304,40695.61,5
0911364601,98906.54,8
0911364602,25052.45,8
0911364604,80995.06,7
0911364605,116036.0,6
0911364605,116036.0,8
0911364606,141432.73,6
0911395801,23729.46,8
0911395802,13544.220000000001,5
0911395803,63073.73,6
0911395804,36344.24,5
0911395805,15147.519999999999,3
0911439001,31304.32,6
0911439002,118149.44,10
0911439003,43972.81,6
0911439004,78187.45999999999,10
0911439005,47773.34,4
0911439006,53364.07,4
0911442301,50957.57,4
0911442302,91687.47,1
0911442303,35999.97,4
0911442304,143716.27,6
0911442305,74836.95,8
0911442306,14478.26,3
0911455501,91790.18,4
0911455502,20788.030000000002,8
0911455503,1007.6,1
0911455504,77135.82999999999,5
0911455505,103006.94,6
0911455506,52209.77,7
0911583501,35974.55,6
0911583502,43532.6,6
0911583503,36244.549999999996,4
0911583504,31837.48,5
0911583505,53926.600000000006,1
0911675701,50163.91,4
0911675703,36983.59,8
0911675704,8557.37,4
0911675705,128754.07,10
0911675706,62065.549999999996,7
0911837901,75032.58,8
0911837902,151728.24,10
0911837903,154565.18,7
0911837904,188657.59999999998,10
0911837905,75619.55,6
0911861201,53870.69,9
0911861202,67491.0,4
0911861203,20063.53,3
0911861204,96115.98999999999,6
0911861205,42245.28999999999,7
0911894701,83999.98000000001,8
0911894702,20877.039999999997,4
0911894703,21157.36,4
0911894704,34809.81,3
0911894705,8704.9,6
0911894706,31849.16,7
0911916903,35706.51,8
0911916904,72929.31999999999,6
0911916905,200812.47,10
0911916906,13133.130000000001,6
0911969801,120590.14,6
0911969803,356434.4,11
0911969805,194114.74,11
0911969806,149213.1,10
0912033402,22304.34,4
0912033403,53828.78,10
0912033404,91650.79000000001,11
0912033405,20543.47,8
0912033406,99337.45,6
0912080001,83641.28,4
0912080002,139524.44,10
0912080003,32576.07,10
0912080005,71168.46,10
0912080006,387410.81,6
0912097601,38729.490000000005,8
0912097602,43362.26,6
0912097603,27540.98,3
0912097604,89832.72,6
0912097606,91022.94,6
0912098301,266013.56,11
0912098303,146739.12,11
0912098304,128690.20999999999,8
0912098306,37565.2,8
0912294801,181573.75,11
0912294802,25489.17,8
0912294804,49204.9,6
0912294805,76499.98000000001,6
0912294806,27472.1,6
0912398201,51314.9,6
0912398202,87710.19,9
0912398203,69389.48000000001,7
0912398204,41370.16,6
0912398205,11486.18,6
0912398206,60327.32,5
0912529401,12583.849999999999,4
0912529402,83152.15,7
0912529403,54303.24,8
0912529404,78182.59,4
0912529405,64198.35,4
0912599002,87554.34,9
0912599003,125417.89,6
0912599004,25376.07,6
0912599005,85499.98999999999,10
0912599006,276358.68,10
0912623601,44754.08,6
0912623603,23606.55,3
0912623604,4327.86,6
0912623605,33196.69,6
0912623606,144909.82,8
0912679801,26213.1,6
0912679802,37101.630000000005,4
0912679802,37101.630000000005,6
0912679803,19180.32,7
0912679804,12049.170000000002,6
0912679805,38557.33,6
0912679806,46918.01,8
0912738302,62755.42,10
0912738303,42798.899999999994,10
0912738304,62629.2,3
0912738305,45407.91,4
0912738306,57780.92,6
0912816501,476902.15,11
0912816502,120326.06999999999,11
0912816503,206665.43,10
0912816504,90978.25,11
0912816505,142336.95,10
0912816506,56895.63,10
0912924001,127198.32999999999,4
0912924002,47543.44,4
0912924003,60163.02,10
0912924004,33774.43,6
0912924005,82785.26,3
0912924006,84301.59,4
0912930301,38959.22,3
0912930302,8828.79,6
0912930303,16948.35,3
0912930304,70094.81,4
0912930305,61063.01999999999,4
0912930306,25434.78,6
0913206501,68086.94,4
0913206502,126709.22,3
0913206503,21130.43,4
0913206504,7019.01,3
0913206505,26021.73,8
0913206506,43728.25,6
0913267701,91672.06999999999,8
0913267702,37426.21,6
0913267702,37426.21,8
0913267703,47508.17,4
0913267704,68508.18,6
0913267705,43406.52,6
0913267706,47360.63,8
0913300701,51393.409999999996,10
0913300702,33049.17,6
0913300703,35651.78,7
0913300704,15393.42,6
0913300705,28755.719999999998,6
0913300706,153860.6,7
0913300706,153860.6,8
0913317501,27244.55,10
0913317503,42013.84,5
0913317504,87774.42,8
0913317505,126811.9,10
0913317505,126811.9,10
0913317506,56861.380000000005,4
0913340701,41508.17,1
0913340702,209016.36000000002,10
0913340703,61721.29,6
0913340704,35655.7,8
0913340705,42418.02,1
0913340706,44016.37,5
0913343901,152437.44,6
0913343902,87016.23,8
0913343903,48546.17,6
0913343904,63097.799999999996,1
0913343905,46956.51,10
0913343906,21820.09,6
0913361201,20138.109999999997,8
0913361203,88451.07999999999,6
0913361204,23867.4,3
0913361205,45174.020000000004,4
0913361206,21779.0,8
0913439401,86426.34,8
0913439402,70405.41,7
0913439403,66221.88,6
0913439404,45635.83,10
0913439405,45943.99,6
0913439406,29029.88,5
0913481601,55755.72,8
0913481602,36393.43,6
0913481603,94652.45,6
0913481605,48853.740000000005,6
0913481606,18565.56,8
0913484901,57961.94,8
0913484902,70630.39,10
0913484903,12913.029999999999,3
0913484904,183864.11000000002,6
0913484905,60505.399999999994,5
0913484905,60505.399999999994,6
0913484906,80975.51,6
0913485801,105737.68000000001,8
0913485802,48570.49,6
0913485803,30614.74,8
0913485804,16672.13,5
0913485805,69639.33,6
0913485806,14897.69,10
0913500001,29396.72,3
0913500002,25914.120000000003,6
0913500003,45733.68,10
0913500004,32808.91,6
0913500005,34263.560000000005,6
0913500006,36489.12,4
0913518301,30326.06,4
0913518302,47788.020000000004,8
0913518303,11983.68,4
0913518304,34605.96,6
0913518305,29890.72,1
0913518306,29518.999999999996,3
0913524501,48497.26,1
0913524502,76548.86,4
0913524502,76548.86,6
0913524503,32429.32,1
0913524504,7248.91,3
0913524505,24749.989999999998,5
0913524506,17388.579999999998,4
0913567701,18540.97,3
0913567702,32378.82,5
0913567703,17065.56,3
0913567704,12590.16,10
0913567705,22549.17,6
0913567706,28804.899999999998,6
0913604901,25786.95,8
0913604902,37711.93,6
0913604903,39741.82,8
0913604904,20176.609999999997,10
0913604905,13206.52,6
0913604906,48378.86,6
0913618202,7607.73,3
0913618203,56784.5,4
0913618204,17900.54,1
0913618205,58301.08,8
0913618206,37243.09,7
0913654401,6515.21,3
0913654402,7336.95,6
0913654403,160532.55000000002,9
0913654404,39619.55,6
0913654405,11519.01,4
0913654406,117674.97,6
0913654406,117674.97,8
0913744201,74356.89,6
0913744202,51999.090000000004,4
0913744203,34607.72,8
0913744204,20883.97,10
0913744205,84406.05,8
0913744206,58470.14,10
0913865701,15270.48,4
0913865702,12959.01,1
0913865703,40278.65,7
0913865705,41655.73,6
0913865706,31770.47,6
0913884402,30697.789999999997,6
0913884403,58575.8,7
0913884404,88043.47,8
0913891601,82524.54,10
0913891602,103106.51999999999,10
0913891604,145204.87,9
0913891605,64967.18,8
0913891606,32311.45,6
0914207902,124614.27,10
0914207903,52826.06999999999,9
0914207904,5233.68,7
0914207905,49201.61,10
0914268202,78190.58,10
0914268204,122320.41,10
0914268205,109939.19,4
0914268206,8950.27,4
0914469601,71385.2,8
0914469602,25736.050000000003,8
0914469603,20719.63,10
0914469604,49081.95,6
0914469605,49426.19,3
0914469606,71581.94,11
0914479402,54660.31,9
0914479403,285329.3,11
0914479405,101201.06999999999,10
0914479406,43801.61,6
0914565601,172622.93999999997,8
0914565603,111934.41,4
0914565604,160524.55000000002,10
0914565606,57049.17,8
0914573803,56065.56,7
0914610801,179714.68,6
0914610802,41090.15,3
0914610803,26114.74,3
0914610804,207786.87,11
0914610806,34681.94,8
0914671801,39083.590000000004,6
0914671802,27147.53,3
0914671803,105491.77,5
0914671804,405491.78,11
0914671805,23606.55,6
0914671806,17409.82,4
0914755001,113869.54000000001,6
0914755002,134021.73,8
0914755003,30174.44,3
0914755004,12472.82,8
0914755005,65463.24,6
0914852301,33798.89,8
0914852302,47488.159999999996,6
0914852303,49548.89,6
0914852304,52067.9,1
0914852305,38739.1,3
0914852306,31695.62,3
0914874501,105798.88,3
0914874502,25752.65,6
0914874503,40837.450000000004,1
0914874503,40837.450000000004,6
0914874504,24652.16,3
0914874505,84203.75,4
0914874506,77957.56,6
0915023002,58695.65,9
0915023003,122038.0,10
0915023004,46663.03,8
0915023006,57228.25,10
0915057701,33737.689999999995,3
0915057702,59754.07,8
0915057703,40229.49,5
0915057704,50763.9,1
0915057705,135801.57,9
0915057706,98776.69,4
0915059001,72807.03,10
0915059002,79239.11,6
0915059003,32038.02,10
0915059004,93888.54,4
0915059005,80461.93000000001,10
0915059006,86967.37,10
0915062301,51945.619999999995,3
0915062302,47572.81,8
0915062303,38421.17,4
0915062304,127154.3,10
0915062305,85744.53,8
0915062306,265597.8,10
0915178301,76295.99,10
0915178302,54097.81,6
0915178303,36391.3,10
0915178305,53192.92,11
0915188501,259092.33000000002,8
0915188501,259092.33000000002,9
0915188502,39154.85,6
0915188503,153684.72,11
0915188504,202989.1,11
0915188505,16336.939999999999,6
0915188506,40431.48,8
0915254701,56803.26,10
0915254702,53606.53,10
0915254703,64795.06,11
0915254704,84540.96,10
0915254705,35409.81,5
0915254706,61475.4,11
0915262901,20543.47,4
0915262902,91467.36,10
0915262903,50331.490000000005,6
0915262904,32302.16,6
0915262906,16141.300000000001,5
0915307201,49226.490000000005,11
0915307202,47272.35,9
0915307203,31695.38,4
0915307205,77149.86,5
0915307206,29535.86,3
0915360901,307418.44,11
0915360902,32404.86,6
0915360903,27146.71,9
0915360904,70801.59,6
0915360906,83152.15999999999,8
0915441201,36049.71,6
0915441202,53048.759999999995,4
0915441203,76117.1,6
0915441204,57654.68,6
0915441205,54273.47,8
0915441206,31027.62,10
0915468401,44975.520000000004,10
0915468402,31544.0,4
0915468403,54425.49,8
0915468404,10785.31,3
0915468405,140649.42,10
0915468406,43165.74,6
0915492401,98794.51,10
0915492402,108904.86,4
0915492403,37100.54,4
0915492406,52923.88999999999,8
0915513602,25268.83,4
0915513603,19379.5,4
0915513604,50426.53,4
0915513605,41542.6,6
0915513606,56803.26,11
0915598602,10770.48,4
0915598603,20918.81,3
0915598605,108442.59,10
0915598606,61844.23,6
0915621801,26311.45,6
0915621802,34819.64,6
0915621803,130878.68,10
0915621803,130878.68,7
0915621804,84713.07,9
0915621805,17704.91,4
0915621806,135147.5,10
0915621806,135147.5,8
0915621806,135147.5,10
0915629801,114909.81999999999,10
0915629802,63934.41,5
0915629803,73770.45999999999,6
0915629804,42405.71,10
0915629805,52056.37,8
0915629806,58081.94,10
0915630001,51407.6,6
0915630002,23038.04,6
0915630003,42065.21,4
0915630004,68258.13,8
0915630005,61263.57,6
0915630006,49671.18,6
0915641301,8706.51,5
0915641303,30570.64,10
0915641304,15652.16,3
0915641305,88557.04999999999,4
0915641306,46124.98,8
0915687501,62349.43,6
0915687502,35902.149999999994,7
0915687503,41576.08,10
0915687504,7092.38,6
0915687505,15187.49,6
0915722701,38793.41,6
0915722702,29675.4,3
0915722703,102127.84,8
0915722704,222472.05,4
0915722705,23163.920000000002,5
0915722706,52123.73,6
0915735901,12717.39,6
0915735902,27555.63,8
0915735903,59752.13,5
0915735904,77380.42,4
0915735905,42749.990000000005,5
0915735906,48040.42,10
0915751201,56088.369999999995,6
0915751202,120010.21,9
0915751202,120010.21,5
0915751203,27919.88,4
0915751204,45606.6,4
0915751205,119396.65,8
0915751206,21256.9,4
0915835401,43605.94,4
0915835402,81547.79,10
0915835403,44674.689999999995,8
0915835404,48595.09,4
0915835405,141676.58000000002,10
0915835406,62119.54,8
0915845001,85230.95999999999,11
0915845002,46467.37,9
0915845003,45244.55,6
0915845004,34728.24,4
0915845005,45489.119999999995,11
0915845006,34777.14,4
0915878601,29926.2,3
0915878602,17459.010000000002,3
0915878603,68557.35,8
0915878604,19524.579999999998,6
0915878605,12122.93,8
0915878606,29409.83,6
0915915801,42034.38,6
0915915802,48934.4,3
0915915803,19792.600000000002,6
0915915804,120670.75,3
0915915805,25081.96,4
0915915806,26510.64,10
0915917301,35572.47,3
0915917302,13206.52,6
0915917303,56347.81,10
0915917304,42138.57,8
0915917305,54083.13,4
0915917306,49416.82,8
0915951001,22030.42,6
0915951002,9782.59,8
0915951003,16385.85,6
0915951004,48032.58,8
0915951005,22010.86,4
0915951006,8119.56,6
0916035501,46516.29,7
0916035502,158478.24,10
0916035503,49548.89,6
0916035504,227832.0,10
0916035505,46247.26,6
0916035506,37711.94,4
0916073301,15921.18,4
0916073302,55834.2,6
0916073303,29699.99,6
0916073304,84668.44,4
0916073305,34092.38,4
0916073306,33524.009999999995,6
0916077701,69639.34,3
0916077702,41311.47,8
0916077703,159836.05000000002,10
0916077704,42786.82,8
0916082501,41331.49,3
0916082502,44682.04,4
0916082504,75169.56,10
0916082505,23453.8,6
0916082506,44021.73,6
0916106501,43941.009999999995,8
0916106502,48262.46,1
0916106503,70532.59,7
0916106506,35877.689999999995,6
0916138701,30548.58,8
0916138702,70327.86,9
0916138703,4327.84,3
0916138704,6934.41,7
0916138705,24196.710000000003,3
0916138706,5311.46,6
0916184901,52826.06,10
0916184902,89070.62999999999,6
0916184903,62119.54,10
0916184904,164347.81,11
0916184905,143315.2,10
0916184906,95135.85,10
0916230701,9049.17,7
0916230702,183393.41,11
0916230703,32237.68,6
0916230705,102196.70999999999,10
0916230706,236680.32,10
0916242205,55193.36,11
0916274404,9538.03,10
0916274405,114456.51000000001,8
0916274406,480472.81,11
0916428601,164999.96000000002,9
0916428603,259918.01,10
0916428604,219122.91,10
0916444905,193695.65000000002,11
0916444906,108586.94,10
0916448801,31573.77,10
0916448803,350409.82,10
0916448804,130573.72,10
0916448805,270540.96,10
0916545002,179853.25,10
0916545003,33945.64,3
0916545004,45684.76,4
0916545005,86038.03,10
0916545006,100369.52,10
0916563301,14380.42,4
0916563302,95233.65999999999,10
0916563303,239380.41,10
0916563304,245641.27000000002,11
0916563305,154076.07,11
0916563306,18269.01,10
0916573501,75883.69,10
0916573504,114808.68,11
0916573506,131869.56,10
0916594202,102928.17,11
0916594205,200138.11,10
0916594206,184783.41999999998,11
0916612402,574884.77,10
0916612403,95088.9,10
0916612405,330163.01,10
0916612406,192228.23,10
0916728701,196883.59,11
0916728703,63885.22,10
0916728704,48885.22,8
0916728705,42147.51,6
0916741901,109076.08,11
0916741902,49157.58,8
0916741905,84888.57,4
0916741906,45342.369999999995,8
0916744201,54696.119999999995,10
0916744203,220276.21,10
0916744204,279696.08999999997,11
0916744205,179005.49000000002,11
0916744206,12430.93,1
0916792602,28111.46,10
0916792603,103549.15,9
0916792605,132786.87,9
0916792606,31259.01,11
0916854801,76524.55,6
0916854802,29213.1,6
0916854803,76721.3,10
0916854806,147540.97999999998,8
0916876001,71804.32,4
0916876002,77135.86,6
0916876003,75374.97,1
0916876005,661548.85,9
0916876006,58504.88,6
0916911401,6199.72,8
0916911402,34635.28,6
0916911403,156032.57,8
0916911404,169239.12,11
0916911405,50184.76,10
0916911406,130646.72,10
0916941601,87295.05,10
0916941602,83213.09,4
0916941603,25819.64,8
0916941604,50262.28,10
0916941605,112622.94,10
0916991801,349288.51,11
0916991802,45442.59,8
0916991803,26557.37,10
0916991804,64918.020000000004,10
0916991805,80877.02,10
0916991806,22524.579999999998,9
0917012302,491576.08,11
0917012304,496222.77999999997,11
0917012305,381521.73,11
0917014502,31378.69,10
0917014503,138913.01,10
0917014505,304767.36000000004,10
0917062702,107360.65,10
0917062705,159098.36,10
0917180902,71902.16,11
0917180903,126317.92,11
0917180904,36122.28,9
0917240201,63397.78,10
0917240204,23643.64,10
0917240206,216546.94,11
0917245001,82173.9,8
0917245002,59429.33,10
0917245003,41820.63,9
0917245004,145271.72,10
0917288401,55736.39,6
0917288402,83225.51000000001,3
0917288403,52826.08,4
0917288404,135978.24,10
0917288405,35951.08,8
0917288406,123260.85,10
0917294301,132299.98,10
0917294302,192595.06,10
0917294303,104184.76,10
0917294304,124728.25,11
0917294306,112744.53,11
0917393501,23478.26,10
0917393502,229279.81,8
0917393504,37785.32,10
0917393505,39619.56,6
0917393506,46274.18,4
0917475703,98606.54000000001,8
0917475704,94359.8,11
0917475705,41581.95,6
0917532901,24561.66,6
0917532902,71755.41,5
0917532903,8070.64,3
0917532904,53156.22,7
0917532905,23893.97,6
0917532906,33511.28,3
0917588901,46614.11,8
0917588903,91711.94,8
0917588905,89889.9,9
0917588906,31940.2,9
0917602203,38560.75,5
0917602204,41767.95,10
0917602205,31325.96,10
0917683401,55516.28,10
0917683402,52229.31,6
0917683403,46697.26,8
0917683404,52092.38,10
0917683405,88043.46,4
0917683406,19076.079999999998,4
0917697602,45516.369999999995,6
0917697603,33442.62,8
0917697604,30860.64,11
0917697605,57540.97,11
0917697606,123442.59999999999,10
0917759801,7573.76,3
0917759802,120786.82,10
0917759803,157573.75,10
0917759804,43450.81,4
0917759805,8262.29,8
0917759806,161999.97,8
0917791001,102717.37,4
0917791004,133336.92,11
0917791006,94118.43,5
0917837201,7378.99,8
0917837202,75778.99,6
0917837203,57679.54,6
0917837204,39197.21,6
0917837206,24499.86,6
0917932501,23258.14,10
0917932502,151630.42,10
0917932504,122282.59000000001,10
0917932505,48913.03999999999,11
0917932506,66790.75,10
0918031402,16679.34,3
0918031403,37790.2,6
0918031404,40781.72,3
0918031406,64266.81,3
0918031406,64266.81,3
0918057601,40844.25,8
0918083601,38360.630000000005,8
0918083603,59040.96,10
0918083604,44916.380000000005,8
0918083605,58104.07,6
0918083606,45346.700000000004,8
0918206702,143606.54,10
0918206705,88032.76,11
0918206706,144590.15000000002,10
0918218801,24885.23,3
0918218802,98360.65,11
0918218804,54201.59,6
0918228901,6260.86,4
0918228902,35217.39,6
0918228903,8510.86,3
0918228905,90978.23,5
0918228906,63097.81,8
0918320203,96961.31999999999,11
0918320204,60911.59,10
0918320206,62415.72,10
0918357401,121609.06,10
0918357402,38347.81,7
0918357403,64354.87,10
0918357404,62559.78,10
0918357405,39130.43,8
0918357406,190711.94,11
0918400601,54786.869999999995,6
0918400602,4672.12,4
0918400603,79377.02,10
0918400604,24860.64,4
0918400605,20360.64,4
0918417801,222417.97,10
0918417802,85416.33,6
0918417803,586918.03,10
0918417805,26557.36,9
0918417806,43477.37,11
0918427004,114749.99,8
0918427005,9782.6,10
0918431302,153415.74,10
0918431303,85108.68000000001,10
0918431304,72880.43,10
0918431305,322709.88999999996,9
0918431306,136731.5,10
0918463501,44119.56,10
0918463503,80491.29,9
0918463504,79239.13,10
0918463506,75497.23,11
0918511701,25374.09,8
0918511702,68139.29,5
0918511703,17188.510000000002,5
0918511704,112204.87999999999,8
0918511706,48590.14,5
0918522801,82514.73999999999,7
0918522802,26065.56,11
0918522803,61475.39,9
0918522804,195540.97,10
0918522805,200360.62,11
0918522806,193450.78999999998,10
0918576001,47983.66,7
0918576002,36391.29,6
0918576003,30815.21,8
0918576005,32282.6,6
0918576006,55760.86,4
0918595902,50869.56,11
0918595904,126195.64000000001,10
0918595906,190227.68,6
0918675201,116602.19,10
0918675202,211823.15,10
0918675203,54323.2,4
0918675204,41544.19,8
0918675205,65138.11,8
0918675206,27049.710000000003,8
0918690001,125902.11,10
0918690003,10051.619999999999,10
0918690005,178777.13,6
0918690006,235917.36,10
0918760401,119929.11,8
0918760402,47186.37,6
0918760403,56372.26,8
0918760405,97033.63,6
0918760406,6847.820000000001,10
0918880301,71559.73,6
0918880302,41664.090000000004,6
0918880303,85793.44,8
0918880304,61263.549999999996,6
0918880305,70654.87,4
0918880306,30961.95,6
0918914603,38360.630000000005,7
0918914604,38655.72,8
0918914605,60147.53,8
0918914606,64180.3,10
0918938801,78083.58,6
0918938802,75737.7,10
0918938803,19401.629999999997,1
0918938804,76426.16,4
0918938805,53114.75,10
0918992001,46663.03,1
0918992003,105407.6,10
0918992004,70190.2,10
0918992005,58695.649999999994,6
0919033305,115923.9,11
0919148301,423855.95999999996,10
0919191502,132065.21,11
0919191503,140869.56,10
0919191505,100858.68,11
0919191506,352173.91000000003,10
0919212705,48049.17,9
0919212706,42021.62,10
0919357502,14453.79,4
0919357503,42344.009999999995,3
0919357504,20543.47,8
0919357505,16214.65,10
0919357506,37394.0,4
0919389501,91467.36,10
0919389503,109809.76,10
0919389504,39374.99,10
0919389505,82809.75,10
0919389506,74592.37,10
0919407701,487032.76,10
0919407702,69590.1,4
0919407704,20655.73,6
0919407705,134262.28,10
0919407706,53326.21,6
0919526204,397402.19,8
0919659901,32062.479999999996,8
0919659902,45258.73,10
0919659903,161897.26,11
0919659904,48570.63,10
0919659905,42128.79,11
0919659906,20201.07,6
0919764201,88557.97,10
0919764202,19143.64,7
0919764203,38784.51,6
0919764204,48828.71,8
0919764205,30903.31,9
0919764206,128287.28,10
0919826401,26902.16,4
0919826402,39301.61,10
0919826403,44902.16,10
0919826404,12423.91,6
0919826406,34440.62,8
0919860701,73081.93,8
0919860702,36159.8,5
0919860703,37839.299999999996,6
0919860704,16268.83,4
0919860705,27713.09,1
0919860706,29803.260000000002,3
0919923901,110739.11,11
0919923902,26486.39,4
0919923903,148108.64,6
0919923904,27885.31,8
0919923905,20910.31,1
0919923906,18293.46,5
0919964201,39361.299999999996,7
0919964202,82720.40000000001,6
0919964203,57878.43,7
0919964204,11933.7,6
0919964205,52209.92,10
0919964206,35194.450000000004,6
0919970401,43155.94,4
0919970402,25933.68,8
0919970403,35533.34,8
0919970405,12223.36,9
0919970406,88532.58,10
0920070601,31721.3,10
0920070602,10096.71,8
0920070603,36084.56,8
0920070604,27442.61,10
0920070605,76406.54,10
0920070606,50163.93,10
0920084801,33491.78,4
0920084802,33442.61,6
0920084803,48418.02,8
0920084804,37353.42,8
0920084805,20434.41,4
0920084806,36762.27,7
0920154001,45220.100000000006,6
0920154002,64345.1,8
0920154003,9024.439999999999,6
0920154004,55027.159999999996,9
0920154005,34557.05,6
0920175301,12653.79,3
0920175302,7752.71,6
0920175303,21130.43,6
0920175304,48130.42,4
0920175305,73736.39,10
0920175306,17021.73,6
0920207601,48590.14,4
0920207602,34131.13,4
0920207603,22696.71,1
0920207604,45811.45,10
0920207606,53999.96000000001,6
0920306501,23478.25,6
0920306502,87823.36,6
0920306503,69994.55,3
0920306504,93815.2,10
0920306505,24480.960000000003,8
0920306506,25517.91,8
0920322701,123934.42,10
0920322702,60245.89,10
0920322703,58032.77,10
0920322704,61081.95,10
0920322706,67721.28,10
0920352801,30491.79,4
0920352802,2262.29,3
0920352803,34008.18,4
0920352804,36245.88,4
0920352805,31303.239999999998,8
0920352806,16893.43,4
0920414901,182690.19,10
0920414902,39179.33,7
0920414903,50137.8,10
0920414906,27097.809999999998,4
0920461201,40674.020000000004,8
0920461202,76276.20999999999,8
0920461203,17900.55,4
0920461205,18397.78,10
0920461206,119088.39,11
0920505401,11739.13,6
0920505402,70336.93,10
0920505403,192961.92,8
0920505404,64565.21,10
0920505405,30105.949999999997,3
0920505406,59512.46,8
0920522001,112989.1,10
0920522002,54220.079999999994,7
0920522004,36269.0,6
0920522006,34437.69,6
0920598601,62021.270000000004,6
0920598602,38331.12,4
0920598603,31662.25,3
0920598604,47136.83,1
0920598605,26754.08,3
0920598606,68203.24,10
0920602302,40113.57,4
0920602303,32282.6,8
0920602304,28423.35,4
0920602305,63220.07,8
0920602306,33749.99,8
0920634501,20719.559999999998,6
0920634502,9273.9,1
0920634503,23233.68,7
0920634505,39032.59,4
0920634506,31020.63,4
0920647801,40709.46,4
0920647803,103770.46,8
0920647804,80163.91,11
0920647805,45245.86,8
0920647806,53213.08,7
0920660701,53508.15,6
0920660703,32114.739999999998,8
0920660704,64918.020000000004,10
0920660705,77618.31,3
0920660706,54639.32,6
0920669801,103856.48999999999,6
0920669802,25524.59,8
0920669803,86631.11,7
0920669804,20454.09,6
0920669805,29468.83,8
0920669806,38557.35,6
0920688501,35217.369999999995,4
0920688502,71413.03,8
0920688503,80633.13,6
0920688504,120044.79,10
0920688505,42114.11,6
0920688506,39619.55,8
0920796701,37539.31,8
0920796702,45491.77,8
0920796703,35454.06,3
0920796704,52377.009999999995,7
0920796705,50016.369999999995,6
0920796706,98237.65,6
0920808901,29939.649999999998,8
0920808902,34395.62,8
0920808903,27391.29,6
0920808904,9097.810000000001,1
0920808905,29054.339999999997,4
0920808906,71853.23999999999,4
0920827201,35055.22,6
0920827202,22499.99,8
0920827203,17303.86,4
0920827204,49161.850000000006,4
0920827206,26602.2,4
0920873401,49265.19,10
0920873402,39961.939999999995,6
0920873403,37663.03,6
0920873404,80838.56,10
0920873405,71535.28,6
0920873406,86448.87999999999,5
0921017601,29508.19,8
0921017602,22357.36,6
0921017603,52490.14,4
0921017606,16721.3,8
0921040001,12472.82,8
0921040002,10418.47,6
0921040003,65592.39,8
0921040004,22817.9,3
0921040005,45100.729999999996,8
0921040006,26413.04,8
0921130301,39776.07,8
0921130303,16889.67,6
0921130304,27474.43,3
0921130305,101176.56,1
0921281001,99195.62,11
0921281002,51911.39,11
0921281003,38152.17,10
0921281004,167038.01,6
0921281005,35510.86,9
0921281006,112128.0,10
0921296401,58814.969999999994,10
0921296402,93179.32,10
0921296403,66154.87,10
0921296404,266086.9,10
0921314301,51358.68,8
0921314302,112499.97,7
0921314302,112499.97,8
0921314302,112499.97,8
0921314303,122038.01000000001,10
0921314304,23478.26,10
0921314305,66032.6,10
0921397901,47621.72,6
0921397902,36327.69,7
0921397903,43630.42,6
0921397904,88317.35,6
0921397905,53339.65,6
0921400202,99646.39,6
0921400203,68527.26000000001,4
0921400203,68527.26000000001,6
0921400204,75132.56999999999,4
0921400205,70408.81999999999,5
0921400206,35080.1,5
0921495501,150407.59,10
0921495502,55271.729999999996,8
0921495503,30918.89,6
0921495504,53024.64,6
0921495505,32644.55,7
0921495506,51358.69,10
0921519701,41557.37,10
0921519702,12909.82,3
0921519703,16721.3,5
0921519704,38139.33,9
0921519705,89508.17,10
0921519706,156270.47,6
0921539601,55081.95,10
0921539602,72811.47,10
0921539603,70450.8,3
0921539604,85829.49,4
0921539605,51147.53,10
0921539606,45983.59,10
0921597401,106679.33,4
0921597402,148230.89,4
0921597403,33726.51,10
0921597404,40793.46,6
0921597405,290005.38,8
0921597406,94475.48999999999,8
0921622601,22573.75,6
0921622602,52524.57,8
0921622603,52917.99,6
0921622603,52917.99,6
0921622604,39221.28,10
0921622605,26508.14,1
0921622606,26704.91,6
0921705801,57713.09,5
0921705802,48698.34,6
0921705803,40081.939999999995,4
0921705804,38114.740000000005,7
0921705805,14754.09,7
0921705806,47458.990000000005,8
0921738001,41991.81,5
0921738002,52841.24,6
0921738003,27073.35,8
0921738004,54821.729999999996,8
0921738005,22744.550000000003,7
0921738006,7043.47,9
0921749801,103795.05,10
0921749802,62213.09,10
0921749803,129098.34,11
0921775901,44413.04,6
0921775902,25777.15,8
0921775904,62364.12,10
0921775905,44828.78,8
0921793002,52605.96,6
0921793003,165839.65,7
0921793004,96358.69,4
0921793005,160366.28,9
0921889201,105293.99,10
0921889202,63917.380000000005,4
0921889203,27338.100000000002,6
0921889204,40972.35,6
0921889206,54435.05,6
0921889206,54435.05,6
0921914301,24197.26,5
0921914302,128641.28,10
0921914304,65651.04000000001,5
0921914305,92934.76000000001,6
0921914306,41453.79,9
0922119501,36538.02,6
0922119502,75815.19,6
0922119503,34630.42,9
0922119506,75717.36,6
0922134401,52972.80999999999,10
0922134402,70214.66,8
0922134403,47494.549999999996,10
0922134404,44339.659999999996,6
0922134405,41294.82,8
0922134406,49671.18,6
0922135701,55081.96,10
0922135702,64549.17,10
0922135703,29286.87,5
0922135704,91207.31999999999,6
0922135704,91207.31999999999,6
0922135704,91207.31999999999,8
0922135705,75270.45999999999,3
0922135706,76273.72,6
0922233603,7868.83,6
0922233604,26658.16,8
0922233605,107434.39,10
0922259802,106967.19,11
0922259803,236516.0,10
0922259804,72737.68,6
0922259806,196229.47,10
0922388301,141847.78,10
0922388302,188608.66,11
0922388303,205972.80000000002,10
0922388304,100222.79000000001,10
0922388305,58695.63,8
0922388306,117929.31,10
0922391001,82173.9,10
0922391002,39130.43,8
0922391003,101005.41,9
0922391004,53926.61,11
0922391005,187092.37,10
0922391006,85597.81,10
0922425501,58695.65,10
0922425502,57384.76,10
0922425503,24749.98,4
0922425505,28736.39,6
0922425506,54171.18,8
0960001213,70806.59,4
0960001215,44850.79,5
0960001216,12157.45,6
0960001217,35278.990000000005,6
0960001218,143403.25999999998,10
0960001419,31255.42,4
0960001420,34043.450000000004,4
0960001421,17608.69,6
0960001422,60163.04,8
0960001423,61630.399999999994,4
0960001424,18403.510000000002,6
0960001701,48688.5,4
0960001702,17852.44,4
0960001703,55327.85,8
0960001705,12688.51,1
0960001706,86281.94,4
0960001907,43214.64,3
0960001908,48343.65,5
0960001909,51065.21,10
0960001910,60035.829999999994,6
0960001911,23654.32,11
0960001912,21130.43,5
0960004011,93079.04,8
0960004012,98828.76,4
0960004013,21521.73,3
0960004014,33749.98,4
0960004015,48130.42,6
0960004316,17608.69,6
0960004317,31108.68,5
0960004318,68576.04,4
0960004319,11519.01,1
0960004320,60603.23,8
0960004601,72983.56999999999,7
0960004602,41803.26,8
0960004603,120506.25000000001,8
0960004604,34229.490000000005,4
0960004605,49162.85,6
0960004806,35409.83,8
0960004807,25839.33,6
0960004808,49844.24,6
0960004809,35409.83,6
0960004810,45786.869999999995,3
0960008216,35378.45,6
0960008217,43682.32,6
0960008218,69648.05,6
0960008219,36633.96,6
0960008220,52259.66,3
0960008501,53755.41,4
0960008501,53755.41,5
0960008502,67157.59,4
0960008503,54684.75,8
0960008504,35217.39,4
0960008505,23429.329999999998,1
0960008706,22229.48,3
0960008707,19101.63,3
0960008708,34499.99,4
0960008709,13180.32,1
0960008710,24481.949999999997,3
0960008911,102179.32,3
0960008913,39252.69,6
0960008914,71652.67,8
0960008915,5869.55,1
0960009016,40607.590000000004,8
0960009017,21140.2,4
0960009018,44364.12,4
0960009019,22451.07,4
0960009020,27855.97,6
0960009401,23576.07,6
0960009402,52581.509999999995,5
0960009403,14282.599999999999,4
0960009404,25043.460000000003,4
0960009405,42446.72,4
0960009606,25691.79,6
0960009607,42196.700000000004,3
0960009608,17803.260000000002,1
0960009610,24511.440000000002,4
0960009811,49745.880000000005,10
0960009812,29122.6,4
0960009813,33432.78,3
0960009814,26262.27,6
0960009815,42917.68,8
0960011303,61410.31,8
0960011305,169858.34,11
0960011507,11152.17,4
0960011508,28663.03,3
0960011711,49524.57,3
0960011713,40180.31,4
0960011714,39545.88,6
0960011918,46161.17999999999,8
0960011919,44021.73,3
0960011920,38690.21,4
0960012201,49475.12,6
0960012202,28720.43,3
0960012203,28243.089999999997,5
0960012204,11038.66,1
0960012205,33891.700000000004,8
0960012406,22499.989999999998,6
0960012408,62706.509999999995,6
0960012408,62706.509999999995,8
0960012409,36684.77,7
0960012410,20836.94,8
0960012611,28327.86,9
0960012612,24639.33,3
0960012613,30759.8,6
0960012614,59814.56,4
0960012615,25081.96,6
0960012816,15221.3,6
0960012817,30452.43,3
0960012819,29950.81,3
0960012820,24678.170000000002,8
0960014002,34799.66,4
0960014003,125584.2,1
0960014004,59451.84,11
0960014005,36513.53,10
0960014306,28614.11,10
0960014307,45547.8,6
0960014308,26373.88,6
0960014309,29347.82,9
0960014310,82198.36,8
0960014511,17266.3,4
0960014512,25699.88,3
0960014513,33652.17,6
0960014514,87275.51,8
0960014516,38973.89,3
0960014717,92815.05,4
0960014718,61873.74,3
0960014719,40180.31,5
0960014720,26811.14,1
0960015207,12256.9,5
0960015208,15812.140000000001,9
0960015209,48505.51,6
0960015210,68220.96,9
0960015411,41028.24,6
0960015413,12286.93,6
0960015414,22167.36,8
0960015415,23478.249999999996,6
0960015616,81904.91,4
0960015617,19155.72,7
0960015618,27266.54,6
0960015619,40868.82,6
0960015620,32459.0,1
0960015901,63611.39,4
0960015902,29470.100000000002,8
0960015903,117802.15,10
0960015904,82027.15,8
0960015905,34943.47,8
0960017017,45929.33,6
0960017018,60456.509999999995,6
0960017019,45146.73,6
0960017021,66585.3,3
0960017301,148871.72,4
0960017302,59346.19,6
0960017303,29347.82,8
0960017305,22059.78,6
0960017506,24293.149999999998,6
0960017507,19076.08,6
0960017508,24187.47,6
0960017509,19369.55,4
0960017510,40769.009999999995,6
0960017711,54236.04,4
0960017712,36885.23,8
0960017713,53950.81,8
0960017714,31204.89,4
0960017715,114098.33,10
0960017716,54098.340000000004,8
0960018006,35217.38,4
0960018007,53099.98,4
0960018008,29347.82,3
0960018311,42260.86,4
0960018312,28162.629999999997,8
0960018313,113595.6,1
0960018314,33749.979999999996,8
0960018315,61630.39,6
0960018516,26887.489999999998,6
0960018517,27047.93,5
0960018518,15285.3,3
0960018519,31685.829999999998,6
0960018520,30643.99,8
0960018520,30643.99,6
0960018801,78196.7,4
0960018802,64394.25,8
0960018803,75988.48,3
0960018804,125842.56999999999,3
0960018805,51442.600000000006,6
0960019211,16212.91,3
0960019212,16856.34,4
0960019213,6215.46,1
0960019215,146038.66,4
0960019417,34067.899999999994,4
0960019418,23062.48,3
0960019419,24603.25,8
0960019420,65439.73,8
0960019701,33619.659999999996,8
0960019702,28154.730000000003,8
0960019703,63609.299999999996,6
0960019704,35360.64,8
0960019705,61081.94,6
0960019906,44730.97,8
0960019907,47396.72,8
0960019908,122307.03,8
0960019909,34946.4,1
0960019910,25654.87,5
0960020201,52677.34,1
0960020202,45704.07,6
0960020203,11709.94,1
0960020204,24034.47,3
0960020205,102267.31000000001,11
0960020407,27932.260000000002,6
0960020408,56494.54,3
0960020410,45611.38,4
0960020612,86040.93,10
0960020613,93024.52,10
0960020614,42049.159999999996,4
0960020615,7893.43,4
0960020916,23502.690000000002,1
0960020917,40891.29,1
0960020918,46506.48,5
0960020919,24945.65,8
0960020920,32590.73,8
0960020921,143148.88,4
0960022011,54234.729999999996,8
0960022012,21824.98,8
0960022013,34728.25,8
0960022014,49891.27,6
0960022015,39570.630000000005,4
0960022316,47205.96000000001,6
0960022317,39228.25,10
0960022319,14086.95,6
0960022320,41967.38,6
0960022601,30260.629999999997,6
0960022602,24312.27,4
0960022603,54533.58,6
0960022604,30927.03,6
0960022604,30927.03,6
0960022605,38360.64,8
0960022806,21393.44,4
0960022807,38360.64,8
0960022808,28524.579999999998,6
0960022809,28770.48,6
0960022810,51393.42,6
0960026216,83088.38,10
0960026217,14917.12,6
0960026218,14419.88,4
0960026219,14917.12,4
0960026220,11585.63,6
0960026501,20103.23,6
0960026502,50135.850000000006,6
0960026503,81281.22,4
0960026504,37478.63,6
0960026505,34808.94,6
0960026706,26729.45,6
0960026707,25081.96,8
0960026708,17704.91,8
0960026709,36614.73,8
0960026710,48403.24,4
0960026911,32282.6,3
0960026912,43532.6,8
0960026913,45968.46,6
0960026914,48013.009999999995,8
0960026915,26413.04,8
0960027016,38739.119999999995,3
0960027017,14258.14,6
0960027018,36586.94,4
0960027019,33749.990000000005,7
0960027020,45391.29,3
0960027401,33260.86,6
0960027402,80828.77,1
0960027403,108220.06,8
0960027404,25811.39,8
0960027405,43067.91,4
0960027606,41668.01,6
0960027607,21245.9,6
0960027608,21245.9,3
0960027609,35950.8,6
0960027610,46932.770000000004,4
0960027812,58397.66,6
0960027813,102786.8,3
0960027813,102786.8,8
0960027814,60442.56,5
0960027815,83114.7,3
0960029301,18953.789999999997,6
0960029302,36464.659999999996,6
0960029303,80946.17,10
0960029304,46076.08,9
0960029305,32722.81,6
0960029506,47284.68,9
0960029507,39032.6,6
0960029508,71217.35,7
0960029509,31695.64,3
0960029510,31856.04,5
0960029711,11213.11,7
0960029712,45393.409999999996,1
0960029713,27147.53,4
0960029714,35921.28,6
0960029715,68408.83,6
0960029916,9048.91,8
0960029917,12228.259999999998,1
0960029918,45405.96,3
0960029919,39154.86,3
0960029920,20206.94,8
0960032203,11486.18,3
0960032204,54228.7,6
0960032205,17303.86,6
0960032406,22353.26,6
0960032409,23771.72,1
0960032410,42432.030000000006,3
0960032612,8985.23,1
0960032613,18742.58,8
0960032614,26758.989999999998,7
0960032615,22256.53,6
0960032816,28475.4,4
0960032817,22131.12,1
0960032819,17950.81,1
0960032820,35286.85,6
0960034001,38054.33,6
0960034002,27611.39,6
0960034003,66815.2,4
0960034004,42994.549999999996,6
0960034005,26315.199999999997,6
0960034307,34747.8,4
0960034309,34361.39,3
0960034310,58817.9,6
0960034511,28516.3,3
0960034512,34728.229999999996,6
0960034513,127227.65,8
0960034514,17608.69,1
0960034515,26241.829999999998,3
0960034716,13199.99,6
0960034717,45555.72,6
0960034718,43352.44,6
0960034719,23463.91,6
0960034720,25967.2,6
0960035207,32171.26,8
0960035208,42662.979999999996,6
0960035209,24215.46,6
0960035412,12154.869999999999,1
0960035413,23659.19,7
0960035414,16385.86,6
0960035415,57487.47,6
0960035616,54740.14,4
0960035617,21826.2,6
0960035618,65881.93000000001,8
0960035619,41257.36,4
0960035620,54363.89,6
0960035903,39790.74,6
0960035904,32781.5,4
0960037006,33798.9,4
0960037007,31793.47,6
0960037008,66032.6,6
0960037009,37124.979999999996,6
0960037010,39179.33,3
0960037312,101690.18,6
0960037313,21472.78,9
0960037314,75108.39,8
0960037315,36929.33,4
0960037516,49524.42,3
0960037517,11592.37,6
0960037518,47152.149999999994,3
0960037519,10614.119999999999,6
0960037520,5429.34,5
0960037801,28770.48,7
0960037802,26754.08,6
0960037803,43477.83,8
0960037804,22059.82,4
0960037805,30491.78,8
0960038211,26234.24,8
0960038212,54725.95,8
0960038213,32046.93,8
0960038215,25309.36,4
0960038216,15861.87,6
0960038417,49084.20999999999,6
0960038418,30301.61,5
0960038419,14859.769999999999,3
0960038420,37547.59,1
0960038701,82622.92,8
0960038702,31675.07,5
0960038703,34499.990000000005,5
0960038704,83021.26999999999,6
0960038705,201786.85,8
0960038906,21057.039999999997,6
0960038907,20225.53,5
0960038908,78749.93000000001,8
0960038909,105456.48999999999,8
0960038910,16190.210000000001,3
0960039011,19027.17,5
0960039012,22989.120000000003,5
0960039013,89169.43,4
0960039014,23184.77,7
0960039015,30937.489999999998,5
0960039317,102717.39,10
0960039318,22010.86,3
0960039319,29249.99,5
0960039601,9147.53,5
0960039602,85844.19,1
0960039605,51393.4,3
0960039807,37255.04,8
0960039808,10327.85,6
0960039809,51270.46,6
0960039810,30049.15,3
0960043216,39719.3,4
0960043217,12232.04,2
0960043218,17998.97,6
0960043219,17552.46,3
0960043220,61227.810000000005,7
0960043501,38201.06,6
0960043502,97728.24,8
0960043503,13206.5,4
0960043504,53779.86,4
0960043505,20690.21,6
0960043706,20552.43,4
0960043708,90196.68000000001,6
0960043709,9442.6,4
0960043710,50458.979999999996,9
0960043911,22793.47,6
0960043912,82027.16,10
0960043913,48570.64,6
0960043914,11739.13,3
0960043915,93913.03,9
0960046016,93027.68,10
0960046019,86209.23,10
0960046020,50282.579999999994,6
0960046402,62383.65,6
0960046403,56827.12,6
0960046404,58147.78,6
0960046405,82759.86,10
0960046609,36282.27,1
0960046811,217524.55,6
0960046812,65429.48,6
0960046813,29360.65,6
0960046814,9115.56,3
0960046815,16745.89,1
0960049016,17461.94,6
0960049017,32857.31,3
0960049018,34777.16,6
0960049019,50869.54,6
0960049020,22842.38,6
0960049301,3717.39,5
0960049302,38265.64,4
0960049303,13059.779999999999,3
0960049304,38643.23,4
0960049305,18782.6,3
0960049506,16561.94,6
0960049507,18684.760000000002,6
0960049508,49402.14,6
0960049509,9880.41,3
0960049811,22347.52,7
0960049812,41508.18,4
0960049813,25399.64,1
0960049814,38557.35,6
0960049815,17409.83,6
0960050301,19076.06,6
0960050302,30883.670000000002,6
0960050303,34190.2,6
0960050304,23478.25,6
0960050305,48668.46,6
0960050506,34061.57,5
0960050507,62755.41,10
0960050508,26217.379999999997,7
0960050509,36745.9,8
0960050510,36789.42,6
0960050711,25025.399999999998,6
0960050712,63108.149999999994,10
0960050713,95286.87000000001,6
0960050715,35114.74,1
0960050916,80559.77,4
0960050917,37863.57,3
0960050918,67499.98,4
0960050919,41233.68,6
0960050920,86194.52,4
0960052201,34160.2,3
0960052202,52771.8,1
0960052203,18982.030000000002,4
0960052204,28765.18,6
0960052205,49922.62,6
0960052406,32938.0,6
0960052407,48130.42,1
0960052408,64731.48,1
0960052410,22098.879999999997,6
0960052611,41754.09,6
0960052612,47894.24,4
0960052613,21344.24,3
0960052614,65459.0,8
0960052615,49010.64,8
0960052816,26928.65,4
0960052818,51223.73,6
0960052819,23929.63,7
0960052820,79104.56,8
0960053001,112039.22,7
0960053002,52826.060000000005,4
0960053003,52023.89,9
0960053004,64956.49,6
0960053306,47690.19,6
0960053307,37418.46,5
0960053308,27586.93,6
0960053309,32331.510000000002,6
0960053310,33857.58,5
0960053511,49520.5,8
0960053512,32038.03,5
0960053513,46027.14,6
0960053514,21541.29,6
0960053515,18166.29,6
0960053716,34426.22,6
0960053717,33976.21,8
0960053718,92065.52,7
0960053719,19123.76,6
0960053720,56891.770000000004,6
0960054201,117596.65,9
0960054202,74013.77,4
0960054202,74013.77,4
0960054203,42896.17,6
0960054204,30027.17,6
0960054205,98512.66,4
0960054406,40353.24,4
0960054407,70654.87,8
0960054408,13377.7,6
0960054409,5624.99,3
0960054410,34356.5,6
0960054711,20409.809999999998,6
0960054712,35803.27,5
0960054716,99722.91,4
0960054917,25591.29,6
0960054918,21277.17,8
0960054919,70043.46,10
0960054920,69524.97,6
0960054921,53315.19,6
0960055208,17403.31,6
0960055209,8900.55,3
0960055210,9387.83,4
0960055411,36904.869999999995,6
0960055412,28858.67,4
0960055413,13695.65,4
0960055414,17608.69,3
0960055415,25434.77,4
0960055616,40819.64000000001,5
0960055617,25672.11,6
0960055618,64731.11,1
0960055901,10467.38,4
0960055902,16532.59,4
0960055903,37418.47,3
0960055904,29610.96,4
0960055905,31377.71,4
